,story_key,treatment_key,author_stance,editor_stance,bertscore_precision,bertscore_recall,bertscore_f1,fact_presence_avg
0,tariffs,pro_vs_anti,pro,anti,0.3134966194629669,0.5079280138015747,0.4099087417125702,0.6283200979232788
1,tariffs,pro_vs_anti,pro,anti,0.06914059817790985,0.38649481534957886,0.22421017289161682,0.721164345741272
2,tariffs,pro_vs_anti,pro,anti,-0.06013025715947151,-0.14547975361347198,-0.10139138996601105,0.32233285903930664
3,tariffs,pro_vs_anti,pro,anti,0.17106524109840393,0.35357367992401123,0.26192256808280945,0.615479052066803
4,tariffs,pro_vs_anti,pro,anti,-0.10437506437301636,-0.16319143772125244,-0.13212282955646515,0.27075910568237305
5,tariffs,pro_vs_anti,pro,anti,0.3363930284976959,0.4043617844581604,0.3711845278739929,0.7379230856895447
6,tariffs,pro_vs_anti,pro,anti,0.25380006432533264,0.4030759930610657,0.32847559452056885,0.5698568820953369
7,tariffs,pro_vs_anti,pro,anti,-0.07005468755960464,-0.21982236206531525,-0.14425112307071686,0.09631183743476868
8,tariffs,pro_vs_anti,pro,anti,0.12039246410131454,0.34349074959754944,0.2307899296283722,0.6294424533843994
9,tariffs,pro_vs_anti,pro,anti,0.20292246341705322,0.47765594720840454,0.3377958834171295,0.7724368572235107
10,tariffs,anti_vs_pro,anti,pro,0.0072125885635614395,-0.10045701265335083,-0.04551657289266586,0.2524854242801666
11,tariffs,anti_vs_pro,anti,pro,0.1873723566532135,0.2374809831380844,0.21358564496040344,0.5954002737998962
12,tariffs,anti_vs_pro,anti,pro,0.3121166527271271,0.5105816721916199,0.41047096252441406,0.5789843201637268
13,tariffs,anti_vs_pro,anti,pro,0.07434070855379105,0.1498669981956482,0.1132657527923584,0.5499184727668762
14,tariffs,anti_vs_pro,anti,pro,0.04766944795846939,-0.03828217461705208,0.00593524007126689,0.3760533034801483
15,tariffs,anti_vs_pro,anti,pro,0.31712183356285095,0.27125635743141174,0.29523423314094543,0.5769803524017334
16,tariffs,anti_vs_pro,anti,pro,0.14830608665943146,0.10493481159210205,0.12794563174247742,0.4547663629055023
17,tariffs,anti_vs_pro,anti,pro,0.29433968663215637,0.2823021113872528,0.2894698977470398,0.5504035353660583
18,tariffs,anti_vs_pro,anti,pro,0.12080564349889755,0.5546440482139587,0.32990023493766785,0.6715609431266785
19,tariffs,anti_vs_pro,anti,pro,-0.11925975978374481,-0.006816975772380829,-0.061956264078617096,0.5021985769271851
20,tariffs,neutral_vs_pro,neutral,pro,-0.04500925540924072,-0.11372768878936768,-0.07785914838314056,0.3622639775276184
21,tariffs,neutral_vs_pro,neutral,pro,-0.027383003383874893,-0.13250726461410522,-0.07876147329807281,0.21211455762386322
22,tariffs,neutral_vs_pro,neutral,pro,-0.11986042559146881,-0.0315232090651989,-0.07434306293725967,0.42869749665260315
23,tariffs,neutral_vs_pro,neutral,pro,0.4050447344779968,0.47150149941444397,0.4389820992946625,0.6425327658653259
24,tariffs,neutral_vs_pro,neutral,pro,-0.06919720023870468,-0.0697537362575531,-0.067737877368927,0.36203646659851074
25,tariffs,neutral_vs_pro,neutral,pro,-0.07091217488050461,-0.21860024333000183,-0.14403675496578217,0.09855430573225021
26,tariffs,neutral_vs_pro,neutral,pro,0.0005281472695060074,-0.1035124808549881,-0.0503397062420845,0.2680681347846985
27,tariffs,neutral_vs_pro,neutral,pro,-0.23537787795066833,-0.22513140738010406,-0.2282612919807434,0.12031897157430649
28,tariffs,neutral_vs_pro,neutral,pro,-0.08631581813097,-0.1790779083967209,-0.1313059777021408,0.17428059875965118
29,tariffs,neutral_vs_pro,neutral,pro,0.10925538092851639,0.38819587230682373,0.2462061643600464,0.5550768971443176
30,tariffs,pro_vs_neutral,pro,neutral,0.08137819170951843,0.24628978967666626,0.16386502981185913,0.5321413278579712
31,tariffs,pro_vs_neutral,pro,neutral,0.2613586187362671,0.5352224707603455,0.3957635462284088,0.6568026542663574
32,tariffs,pro_vs_neutral,pro,neutral,0.24836045503616333,0.5469731688499451,0.3944780230522156,0.6300612688064575
33,tariffs,pro_vs_neutral,pro,neutral,-0.0895526260137558,-0.19435067474842072,-0.14067111909389496,0.18053710460662842
34,tariffs,pro_vs_neutral,pro,neutral,0.2811749279499054,0.52305006980896,0.4003528654575348,0.6369781494140625
35,tariffs,pro_vs_neutral,pro,neutral,0.2464756816625595,0.5557547211647034,0.39762046933174133,0.7287036776542664
36,tariffs,pro_vs_neutral,pro,neutral,0.10117045044898987,0.5124149918556213,0.29987478256225586,0.6958198547363281
37,tariffs,pro_vs_neutral,pro,neutral,0.08126534521579742,0.40563836693763733,0.2396165132522583,0.742950439453125
38,tariffs,pro_vs_neutral,pro,neutral,0.08470413833856583,0.33305978775024414,0.207179993391037,0.6924930810928345
39,tariffs,pro_vs_neutral,pro,neutral,0.13096460700035095,0.4024406969547272,0.2643636167049408,0.6587539911270142
40,tariffs,control,neutral,neutral,-0.08895266801118851,-0.19825083017349243,-0.14236876368522644,0.085671067237854
41,tariffs,control,neutral,neutral,0.3168080747127533,0.5956965684890747,0.45354047417640686,0.8182427883148193
42,tariffs,control,neutral,neutral,-0.03988555446267128,-0.20102402567863464,-0.11998501420021057,0.12963269650936127
43,tariffs,control,neutral,neutral,-0.033850595355033875,-0.2227504849433899,-0.12832492589950562,0.09794896841049194
44,tariffs,control,neutral,neutral,-0.07595734298229218,-0.19892184436321259,-0.1363816112279892,0.0791860818862915
45,tariffs,control,neutral,neutral,-0.07851388305425644,-0.19805699586868286,-0.1371825933456421,0.12189607322216034
46,tariffs,control,neutral,neutral,-0.06842532008886337,-0.18995705246925354,-0.1281268149614334,0.09299507737159729
47,tariffs,control,neutral,neutral,0.20325462520122528,0.5418905019760132,0.36820632219314575,0.71003258228302
48,tariffs,control,neutral,neutral,-0.04898221045732498,-0.015166285447776318,-0.03045492246747017,0.4098740220069885
49,tariffs,control,neutral,neutral,0.22986187040805817,0.7025970220565796,0.45677897334098816,0.7935589551925659
50,climate,pro_vs_anti,pro,anti,0.008081750012934208,-0.1678195744752884,-0.07970971614122391,0.2520425021648407
51,climate,pro_vs_anti,pro,anti,0.4305252730846405,0.6547218561172485,0.5410805344581604,0.7111355066299438
52,climate,pro_vs_anti,pro,anti,0.03177656605839729,0.21935084462165833,0.12525348365306854,0.6669368147850037
53,climate,pro_vs_anti,pro,anti,0.2905694544315338,0.4032634496688843,0.3473796546459198,0.6850255727767944
54,climate,pro_vs_anti,pro,anti,-0.04450410231947899,-0.09163300693035126,-0.06644812971353531,0.36435407400131226
55,climate,pro_vs_anti,pro,anti,0.19942282140254974,0.4142650067806244,0.3057771623134613,0.6431140899658203
56,climate,pro_vs_anti,pro,anti,0.17535586655139923,0.2767663300037384,0.22682321071624756,0.6690876483917236
57,climate,pro_vs_anti,pro,anti,0.22981905937194824,0.3804776072502136,0.30519938468933105,0.6840715408325195
58,climate,pro_vs_anti,pro,anti,0.48075446486473083,0.4325447678565979,0.4574238657951355,0.6776794195175171
59,climate,pro_vs_anti,pro,anti,0.10483245551586151,0.2795073390007019,0.1920010894536972,0.6610316038131714
60,climate,anti_vs_pro,anti,pro,0.2528619170188904,0.6845157146453857,0.4609544277191162,0.7416837811470032
61,climate,anti_vs_pro,anti,pro,0.08276170492172241,0.2137061059474945,0.14877936244010925,0.6780976057052612
62,climate,anti_vs_pro,anti,pro,-0.03554293140769005,-0.15470843017101288,-0.09408199787139893,0.35333284735679626
63,climate,anti_vs_pro,anti,pro,0.031681761145591736,-0.06388474255800247,-0.014916501939296722,0.4253963828086853
64,climate,anti_vs_pro,anti,pro,0.3389725685119629,0.725568950176239,0.5262155532836914,0.7013974785804749
65,climate,anti_vs_pro,anti,pro,0.12203527241945267,0.3539479076862335,0.23663970828056335,0.6345349550247192
66,climate,anti_vs_pro,anti,pro,0.43399661779403687,0.7018216848373413,0.5653628706932068,0.768558144569397
67,climate,anti_vs_pro,anti,pro,0.33523839712142944,0.5593832731246948,0.445883572101593,0.7721157670021057
68,climate,anti_vs_pro,anti,pro,0.451688677072525,0.6175490021705627,0.5341225266456604,0.6731457710266113
69,climate,anti_vs_pro,anti,pro,0.4468561112880707,0.6261473298072815,0.5357919335365295,0.7064653635025024
70,climate,neutral_vs_pro,neutral,pro,0.06232668459415436,0.027407271787524223,0.04635709896683693,0.4829528331756592
71,climate,neutral_vs_pro,neutral,pro,0.028947636485099792,-0.06709302216768265,-0.017887653782963753,0.39248278737068176
72,climate,neutral_vs_pro,neutral,pro,-0.07244992256164551,-0.0529412180185318,-0.06098824739456177,0.5203784704208374
73,climate,neutral_vs_pro,neutral,pro,-0.10196497291326523,-0.22523221373558044,-0.16250641644001007,0.16548028588294983
74,climate,neutral_vs_pro,neutral,pro,0.28381070494651794,0.46305984258651733,0.37294644117355347,0.6967870593070984
75,climate,neutral_vs_pro,neutral,pro,0.02486041933298111,0.07972381263971329,0.05368238314986229,0.4642505645751953
76,climate,neutral_vs_pro,neutral,pro,-0.07463927567005157,-0.16239415109157562,-0.11710073798894882,0.22991310060024261
77,climate,neutral_vs_pro,neutral,pro,-0.027028193697333336,-0.10800725966691971,-0.06612145155668259,0.33373919129371643
78,climate,neutral_vs_pro,neutral,pro,-0.0007552541210316122,-0.03824573755264282,-0.017916612327098846,0.47479769587516785
79,climate,neutral_vs_pro,neutral,pro,-0.05203612521290779,-0.0952540785074234,-0.07199736684560776,0.472756028175354
80,climate,pro_vs_neutral,pro,neutral,0.19139732420444489,0.6273252367973328,0.40145474672317505,0.7701433300971985
81,climate,pro_vs_neutral,pro,neutral,0.1339905709028244,0.40491393208503723,0.26712465286254883,0.6518369913101196
82,climate,pro_vs_neutral,pro,neutral,-0.03899800032377243,-0.09790665656328201,-0.06689628958702087,0.3295533359050751
83,climate,pro_vs_neutral,pro,neutral,0.10504470765590668,0.4156607985496521,0.256926029920578,0.6594104170799255
84,climate,pro_vs_neutral,pro,neutral,-0.022717054933309555,0.08695252239704132,0.03308844938874245,0.609080970287323
85,climate,pro_vs_neutral,pro,neutral,0.1669101119041443,0.5722453594207764,0.3628799319267273,0.7127354145050049
86,climate,pro_vs_neutral,pro,neutral,0.20265395939350128,0.5903939008712769,0.39047423005104065,0.7097663879394531
87,climate,pro_vs_neutral,pro,neutral,0.21144957840442657,0.49860879778862,0.3521925210952759,0.7005255818367004
88,climate,pro_vs_neutral,pro,neutral,-0.01889514923095703,-0.0631532371044159,-0.03943336009979248,0.4182303249835968
89,climate,pro_vs_neutral,pro,neutral,0.17718474566936493,0.5657686591148376,0.3654036223888397,0.8252184391021729
90,climate,control,neutral,neutral,0.043485306203365326,0.03308313339948654,0.03984126076102257,0.5037630200386047
91,climate,control,neutral,neutral,-0.14358319342136383,-0.19525231420993805,-0.16765905916690826,0.08907432854175568
92,climate,control,neutral,neutral,-0.09482348710298538,-0.19927875697612762,-0.14575912058353424,0.15096959471702576
93,climate,control,neutral,neutral,0.12122660130262375,0.5528725981712341,0.3293147087097168,0.8115221858024597
94,climate,control,neutral,neutral,-0.10216908156871796,-0.1952020823955536,-0.14727312326431274,0.13887497782707214
95,climate,control,neutral,neutral,-0.058549705892801285,-0.18658465147018433,-0.12159684300422668,0.12162049859762192
96,climate,control,neutral,neutral,0.03172067552804947,-0.09275643527507782,-0.02963523380458355,0.3635895848274231
97,climate,control,neutral,neutral,-0.08961842209100723,-0.1857852339744568,-0.13633675873279572,0.13658513128757477
98,climate,control,neutral,neutral,0.3063388764858246,0.6781342029571533,0.48671191930770874,0.7871662378311157
99,climate,control,neutral,neutral,-0.04814170300960541,-0.19276775419712067,-0.11972226202487946,0.1887587308883667
100,ai_regulation,pro_vs_anti,pro,anti,-0.007478607818484306,0.24647337198257446,0.11774914711713791,0.4787253737449646
101,ai_regulation,pro_vs_anti,pro,anti,0.032479818910360336,0.4745364487171173,0.24532996118068695,0.472791850566864
102,ai_regulation,pro_vs_anti,pro,anti,0.4557843804359436,0.7142154574394226,0.5826593041419983,0.17015239596366882
103,ai_regulation,pro_vs_anti,pro,anti,-0.03495500236749649,0.14207834005355835,0.05353546887636185,0.1954554319381714
104,ai_regulation,pro_vs_anti,pro,anti,0.06270059943199158,0.47812286019325256,0.2633313238620758,0.44183456897735596
105,ai_regulation,pro_vs_anti,pro,anti,0.17796653509140015,0.32720035314559937,0.2527294158935547,0.15510547161102295
106,ai_regulation,pro_vs_anti,pro,anti,0.22100575268268585,0.6412226557731628,0.4238339066505432,0.18558034300804138
107,ai_regulation,pro_vs_anti,pro,anti,0.3059108257293701,0.7588989734649658,0.5238059163093567,0.17837366461753845
108,ai_regulation,pro_vs_anti,pro,anti,0.017197508364915848,-0.038442764431238174,-0.009139125235378742,0.11271955817937851
109,ai_regulation,pro_vs_anti,pro,anti,-0.1257903128862381,-0.045110467821359634,-0.08401970565319061,0.11690643429756165
110,ai_regulation,anti_vs_pro,anti,pro,0.03516583517193794,0.0866461992263794,0.06230059638619423,0.18985584378242493
111,ai_regulation,anti_vs_pro,anti,pro,0.1764107495546341,0.5264295935630798,0.34669697284698486,0.16176721453666687
112,ai_regulation,anti_vs_pro,anti,pro,0.015088102780282497,0.22761385142803192,0.12055395543575287,0.18396463990211487
113,ai_regulation,anti_vs_pro,anti,pro,-0.029421305283904076,0.11016461998224258,0.040956899523735046,0.11913319677114487
114,ai_regulation,anti_vs_pro,anti,pro,0.18253767490386963,0.6000679135322571,0.3841311037540436,0.21678760647773743
115,ai_regulation,anti_vs_pro,anti,pro,0.04081520810723305,0.12211060523986816,0.08262860029935837,0.24234303832054138
116,ai_regulation,anti_vs_pro,anti,pro,0.1765444576740265,0.44322121143341064,0.3076256215572357,0.38940685987472534
117,ai_regulation,anti_vs_pro,anti,pro,0.17514361441135406,0.44397076964378357,0.30724525451660156,0.24842336773872375
118,ai_regulation,anti_vs_pro,anti,pro,-0.041164711117744446,-0.051236268132925034,-0.04450617730617523,0.07225990295410156
119,ai_regulation,anti_vs_pro,anti,pro,-0.023766273632645607,0.15625667572021484,0.06614900380373001,0.12237926572561264
120,ai_regulation,neutral_vs_pro,neutral,pro,0.11882039904594421,0.12951122224330902,0.12558333575725555,0.12673993408679962
121,ai_regulation,neutral_vs_pro,neutral,pro,0.043113868683576584,-0.04032811522483826,0.0026614286471158266,0.07057516276836395
122,ai_regulation,neutral_vs_pro,neutral,pro,0.0754801332950592,0.6525415182113647,0.3493707776069641,0.8929564952850342
123,ai_regulation,neutral_vs_pro,neutral,pro,-0.0750008076429367,0.22527430951595306,0.07215452194213867,0.6604846715927124
124,ai_regulation,neutral_vs_pro,neutral,pro,-0.1962539404630661,0.02336490899324417,-0.08715719729661942,0.8377577662467957
125,ai_regulation,neutral_vs_pro,neutral,pro,0.017620591446757317,0.22124256193637848,0.1188192218542099,0.3349645435810089
126,ai_regulation,neutral_vs_pro,neutral,pro,0.001589748077094555,0.042408015578985214,0.02350504696369171,0.1588221937417984
127,ai_regulation,neutral_vs_pro,neutral,pro,0.0034097868483513594,0.5248073935508728,0.2522642910480499,0.8368664979934692
128,ai_regulation,neutral_vs_pro,neutral,pro,0.06275153905153275,0.46072351932525635,0.255338579416275,0.8499497175216675
129,ai_regulation,neutral_vs_pro,neutral,pro,0.09019114077091217,0.04867565631866455,0.0708584189414978,0.16978950798511505
130,ai_regulation,pro_vs_neutral,pro,neutral,-0.18074239790439606,0.03666706755757332,-0.07271640002727509,0.7633509039878845
131,ai_regulation,pro_vs_neutral,pro,neutral,-0.05489937216043472,0.06970103085041046,0.008232912048697472,0.32180076837539673
132,ai_regulation,pro_vs_neutral,pro,neutral,-0.16494926810264587,0.018719801679253578,-0.07309852540493011,0.8151129484176636
133,ai_regulation,pro_vs_neutral,pro,neutral,0.02675510011613369,0.2871414124965668,0.15500031411647797,0.37056344747543335
134,ai_regulation,pro_vs_neutral,pro,neutral,0.036664318293333054,0.2349988967180252,0.13530376553535461,0.49685439467430115
135,ai_regulation,pro_vs_neutral,pro,neutral,-0.047714728862047195,0.07279187440872192,0.01341309119015932,0.45268556475639343
136,ai_regulation,pro_vs_neutral,pro,neutral,-0.0811111107468605,0.1737547069787979,0.044622719287872314,0.38743528723716736
137,ai_regulation,pro_vs_neutral,pro,neutral,-0.06623702496290207,0.19698980450630188,0.06344272196292877,0.35762667655944824
138,ai_regulation,pro_vs_neutral,pro,neutral,0.06572125852108002,0.3287910521030426,0.19520074129104614,0.5136370062828064
139,ai_regulation,pro_vs_neutral,pro,neutral,-0.09016107022762299,0.2244044989347458,0.06370759010314941,0.6074066162109375
140,ai_regulation,control,neutral,neutral,-0.00630699098110199,-0.013237780891358852,-0.008134379982948303,0.09220618009567261
141,ai_regulation,control,neutral,neutral,-0.11232415586709976,0.07143675535917282,-0.020496461540460587,0.40894925594329834
142,ai_regulation,control,neutral,neutral,-0.08886034041643143,-0.011361979879438877,-0.04871021583676338,0.1953510195016861
143,ai_regulation,control,neutral,neutral,-0.19850024580955505,0.016295727342367172,-0.09170132875442505,0.8035286664962769
144,ai_regulation,control,neutral,neutral,-0.03145536407828331,0.0023321048356592655,-0.012970225885510445,0.35278958082199097
145,ai_regulation,control,neutral,neutral,-0.04675111547112465,-0.012639278545975685,-0.028080614283680916,0.08211077004671097
146,ai_regulation,control,neutral,neutral,-0.1964690238237381,0.01944528892636299,-0.08913914114236832,0.8845911026000977
147,ai_regulation,control,neutral,neutral,-0.019733181223273277,-0.05150509625673294,-0.03398866206407547,0.15916407108306885
148,ai_regulation,control,neutral,neutral,-0.028006309643387794,0.005507842171937227,-0.009662157855927944,0.17870008945465088
149,ai_regulation,control,neutral,neutral,-0.10031083971261978,0.22025637328624725,0.05637277290225029,0.3487613797187805
150,housing,pro_vs_anti,pro,anti,-0.004588478244841099,-0.05057515576481819,-0.026021325960755348,0.4347861111164093
151,housing,pro_vs_anti,pro,anti,0.01720670610666275,-0.0425717867910862,-0.011219602078199387,0.27252987027168274
152,housing,pro_vs_anti,pro,anti,-0.02686263807117939,-0.14496968686580658,-0.08487294614315033,0.05634913966059685
153,housing,pro_vs_anti,pro,anti,0.6028276085853577,0.8807230591773987,0.7388045787811279,0.8542139530181885
154,housing,pro_vs_anti,pro,anti,-0.06898601353168488,-0.0025818340945988894,-0.03432416543364525,0.3616289496421814
155,housing,pro_vs_anti,pro,anti,-0.012493000365793705,0.06508174538612366,0.027575593441724777,0.506243884563446
156,housing,pro_vs_anti,pro,anti,-0.04471033811569214,-0.08500951528549194,-0.06321386992931366,0.28280550241470337
157,housing,pro_vs_anti,pro,anti,0.12784454226493835,0.37146860361099243,0.24802352488040924,0.7290661334991455
158,housing,pro_vs_anti,pro,anti,-0.03053455427289009,0.27510911226272583,0.11910952627658844,0.6594245433807373
159,housing,pro_vs_anti,pro,anti,-0.09644506871700287,-0.11904805898666382,-0.10597366094589233,0.08533909916877747
160,housing,anti_vs_pro,anti,pro,0.393608033657074,0.5990856289863586,0.49522876739501953,0.7997910976409912
161,housing,anti_vs_pro,anti,pro,0.19396942853927612,0.38297879695892334,0.2879272997379303,0.7553489804267883
162,housing,anti_vs_pro,anti,pro,-0.04653250053524971,0.009795335121452808,-0.016874078661203384,0.4833434820175171
163,housing,anti_vs_pro,anti,pro,-0.04543163254857063,-0.011808734387159348,-0.02700558863580227,0.43301570415496826
164,housing,anti_vs_pro,anti,pro,0.2310883104801178,0.4898169934749603,0.35834214091300964,0.8421342372894287
165,housing,anti_vs_pro,anti,pro,0.2781517803668976,0.6194831132888794,0.4443187117576599,0.8993708491325378
166,housing,anti_vs_pro,anti,pro,0.12272968143224716,0.6939110159873962,0.39405351877212524,0.843220591545105
167,housing,anti_vs_pro,anti,pro,0.5583864450454712,0.7985918521881104,0.6764506697654724,0.8523266911506653
168,housing,anti_vs_pro,anti,pro,0.2645091116428375,0.5657806992530823,0.41186702251434326,0.8342349529266357
169,housing,anti_vs_pro,anti,pro,0.13031548261642456,0.4554300308227539,0.28898218274116516,0.6992987394332886
170,housing,neutral_vs_pro,neutral,pro,0.07771866023540497,0.04951292276382446,0.06509692966938019,0.5021967887878418
171,housing,neutral_vs_pro,neutral,pro,-0.04773949086666107,0.04306381940841675,-0.0011244677007198334,0.41726207733154297
172,housing,neutral_vs_pro,neutral,pro,0.027262728661298752,0.000537307292688638,0.01546566840261221,0.4414878189563751
173,housing,neutral_vs_pro,neutral,pro,0.1692827045917511,0.4476777911186218,0.30592018365859985,0.8236682415008545
174,housing,neutral_vs_pro,neutral,pro,0.018529726192355156,0.02874753251671791,0.02522035501897335,0.45189759135246277
175,housing,neutral_vs_pro,neutral,pro,0.005328875035047531,0.06264600157737732,0.03539353981614113,0.4388798475265503
176,housing,neutral_vs_pro,neutral,pro,-0.04156656935811043,-0.14053893089294434,-0.0897875428199768,0.059267558157444
177,housing,neutral_vs_pro,neutral,pro,0.08062011003494263,0.41288405656814575,0.2426653504371643,0.8239190578460693
178,housing,neutral_vs_pro,neutral,pro,0.12491974234580994,0.3541509509086609,0.2382412999868393,0.851549506187439
179,housing,neutral_vs_pro,neutral,pro,0.008937468752264977,-0.03444072604179382,-0.01120265107601881,0.334774911403656
180,housing,pro_vs_neutral,pro,neutral,0.11867253482341766,0.5429743528366089,0.3233865201473236,0.8361241817474365
181,housing,pro_vs_neutral,pro,neutral,0.2650963366031647,0.5480640530586243,0.40380892157554626,0.8797537088394165
182,housing,pro_vs_neutral,pro,neutral,0.10539563000202179,0.46681004762649536,0.281026154756546,0.8456096649169922
183,housing,pro_vs_neutral,pro,neutral,0.20097896456718445,0.5988468527793884,0.3934902250766754,0.8438562154769897
184,housing,pro_vs_neutral,pro,neutral,0.1319236159324646,0.5382287502288818,0.3283463418483734,0.8648302555084229
185,housing,pro_vs_neutral,pro,neutral,0.34119197726249695,0.6726571321487427,0.5026928782463074,0.8760873079299927
186,housing,pro_vs_neutral,pro,neutral,0.1888570487499237,0.5625423789024353,0.3701585829257965,0.8388063311576843
187,housing,pro_vs_neutral,pro,neutral,0.08455485850572586,0.4761059284210205,0.27417057752609253,0.8848580121994019
188,housing,pro_vs_neutral,pro,neutral,0.15233175456523895,0.5591604113578796,0.3489932417869568,0.8949795365333557
189,housing,pro_vs_neutral,pro,neutral,0.2818456292152405,0.5951210856437683,0.4348430335521698,0.8962923288345337
190,housing,control,neutral,neutral,-0.07974245399236679,-0.15462565422058105,-0.1156616061925888,0.06403854489326477
191,housing,control,neutral,neutral,0.3002055585384369,0.6052259206771851,0.44930076599121094,0.8136159181594849
192,housing,control,neutral,neutral,-0.07269011437892914,-0.14882740378379822,-0.10925595462322235,0.06195003166794777
193,housing,control,neutral,neutral,0.32776862382888794,0.6456742882728577,0.4829094409942627,0.8448617458343506
194,housing,control,neutral,neutral,-0.07477299124002457,-0.04248088225722313,-0.05695972591638565,0.32649385929107666
195,housing,control,neutral,neutral,-0.07736809551715851,-0.13636711239814758,-0.10525073856115341,0.061399221420288086
196,housing,control,neutral,neutral,0.13373622298240662,0.6229453682899475,0.368118017911911,0.8829807043075562
197,housing,control,neutral,neutral,0.0784703716635704,-0.0545552633702755,0.012666506692767143,0.43020373582839966
198,housing,control,neutral,neutral,0.2630162835121155,0.7064236402511597,0.4765112102031708,0.825751543045044
199,housing,control,neutral,neutral,0.4647957682609558,0.6346731185913086,0.5491562485694885,0.880138635635376
200,vaccines,pro_vs_anti,pro,anti,-0.022210486233234406,0.0010183724807575345,-0.008980908431112766,0.3978953957557678
201,vaccines,pro_vs_anti,pro,anti,-0.052834536880254745,-0.10057869553565979,-0.07507552206516266,0.3304038643836975
202,vaccines,pro_vs_anti,pro,anti,-0.02923700213432312,0.01881990395486355,-0.00369089562445879,0.29523420333862305
203,vaccines,pro_vs_anti,pro,anti,0.4291509687900543,0.5263369083404541,0.47815871238708496,0.7081891298294067
204,vaccines,pro_vs_anti,pro,anti,0.2614647448062897,0.5434847474098206,0.3997320234775543,0.794760525226593
205,vaccines,pro_vs_anti,pro,anti,0.3388859033584595,0.5904487371444702,0.4626167416572571,0.7555385828018188
206,vaccines,pro_vs_anti,pro,anti,-0.08503171056509018,-0.00782084558159113,-0.045028503984212875,0.3142367899417877
207,vaccines,pro_vs_anti,pro,anti,0.1384287178516388,0.455071359872818,0.2931163012981415,0.677562415599823
208,vaccines,pro_vs_anti,pro,anti,0.5001526474952698,0.7891236543655396,0.6414855122566223,0.8410753011703491
209,vaccines,pro_vs_anti,pro,anti,0.562721312046051,0.8288702964782715,0.6931548714637756,0.8886483907699585
210,vaccines,anti_vs_pro,anti,pro,0.39652541279792786,0.6813028454780579,0.5359709858894348,0.8622007369995117
211,vaccines,anti_vs_pro,anti,pro,0.16588211059570312,0.5672741532325745,0.36003026366233826,0.8536757826805115
212,vaccines,anti_vs_pro,anti,pro,0.09315202385187149,0.4821156859397888,0.2815689742565155,0.7475762367248535
213,vaccines,anti_vs_pro,anti,pro,-0.054375823587179184,-0.1127326637506485,-0.08197030425071716,0.29589682817459106
214,vaccines,anti_vs_pro,anti,pro,0.019066717475652695,-0.0015457754489034414,0.010349058546125889,0.3977643847465515
215,vaccines,anti_vs_pro,anti,pro,0.3184777498245239,0.5346635580062866,0.4253309667110443,0.8155537247657776
216,vaccines,anti_vs_pro,anti,pro,-0.0519116073846817,-0.026813721284270287,-0.037705689668655396,0.3454362750053406
217,vaccines,anti_vs_pro,anti,pro,0.016373980790376663,0.0038432152941823006,0.01170908473432064,0.40683847665786743
218,vaccines,anti_vs_pro,anti,pro,-0.011671241372823715,-0.004817725624889135,-0.006608719937503338,0.43515944480895996
219,vaccines,anti_vs_pro,anti,pro,0.3384815752506256,0.6911339163780212,0.5099072456359863,0.8636678457260132
220,vaccines,neutral_vs_pro,neutral,pro,-0.03358634561300278,0.0629035085439682,0.01579269766807556,0.49125412106513977
221,vaccines,neutral_vs_pro,neutral,pro,-0.027671663090586662,0.04554767161607742,0.010279132053256035,0.5298864841461182
222,vaccines,neutral_vs_pro,neutral,pro,-0.02714422345161438,-0.05499069765210152,-0.039416052401065826,0.3931506872177124
223,vaccines,neutral_vs_pro,neutral,pro,0.026548156514763832,0.006381541024893522,0.018041985109448433,0.4470657706260681
224,vaccines,neutral_vs_pro,neutral,pro,-0.048771731555461884,-0.15157124400138855,-0.09893231838941574,0.09498495608568192
225,vaccines,neutral_vs_pro,neutral,pro,0.3991250991821289,0.6289516091346741,0.512412965297699,0.7928426265716553
226,vaccines,neutral_vs_pro,neutral,pro,0.04475703462958336,-0.02202252484858036,0.012746674939990044,0.39749473333358765
227,vaccines,neutral_vs_pro,neutral,pro,-0.05660373345017433,-0.12655480206012726,-0.09005948156118393,0.12738633155822754
228,vaccines,neutral_vs_pro,neutral,pro,-0.009851556271314621,-0.1202082708477974,-0.06392655521631241,0.09425929188728333
229,vaccines,neutral_vs_pro,neutral,pro,-0.04369613900780678,-0.11689069122076035,-0.07881515473127365,0.2912369966506958
230,vaccines,pro_vs_neutral,pro,neutral,0.14318309724330902,0.6728290319442749,0.3958740830421448,0.8497365713119507
231,vaccines,pro_vs_neutral,pro,neutral,0.016069402918219566,0.01027074083685875,0.014771352522075176,0.4241473376750946
232,vaccines,pro_vs_neutral,pro,neutral,0.22041110694408417,0.6589269638061523,0.4316578507423401,0.852001428604126
233,vaccines,pro_vs_neutral,pro,neutral,0.20413723587989807,0.626238226890564,0.4078342616558075,0.826348066329956
234,vaccines,pro_vs_neutral,pro,neutral,0.2725338935852051,0.6574307084083557,0.45901167392730713,0.8711639642715454
235,vaccines,pro_vs_neutral,pro,neutral,0.37723618745803833,0.7746273279190063,0.5694761276245117,0.883208155632019
236,vaccines,pro_vs_neutral,pro,neutral,0.16437125205993652,0.4654807448387146,0.3117346465587616,0.7964129447937012
237,vaccines,pro_vs_neutral,pro,neutral,0.24940225481987,0.7062860131263733,0.4690760672092438,0.8672502040863037
238,vaccines,pro_vs_neutral,pro,neutral,-0.024643218144774437,0.017412081360816956,-0.002073767129331827,0.37954166531562805
239,vaccines,pro_vs_neutral,pro,neutral,0.2621121108531952,0.6678103804588318,0.4582311809062958,0.8132514357566833
240,vaccines,control,neutral,neutral,0.12158035486936569,0.4235382378101349,0.2693774700164795,0.7941989898681641
241,vaccines,control,neutral,neutral,0.0024596168659627438,-0.07818086445331573,-0.03650776669383049,0.25446608662605286
242,vaccines,control,neutral,neutral,-0.07445532083511353,-0.12068261951208115,-0.0958968922495842,0.14286094903945923
243,vaccines,control,neutral,neutral,0.111394502222538,0.5259923934936523,0.31164246797561646,0.8491688370704651
244,vaccines,control,neutral,neutral,-0.07699877768754959,-0.1008482277393341,-0.08718438446521759,0.12029530853033066
245,vaccines,control,neutral,neutral,-0.12206640094518661,-0.12536203861236572,-0.12188926339149475,0.09458056092262268
246,vaccines,control,neutral,neutral,-0.018692804500460625,-0.1344548761844635,-0.07551626861095428,0.12398363649845123
247,vaccines,control,neutral,neutral,0.0006933480617590249,-0.12960036098957062,-0.06359740346670151,0.34447699785232544
248,vaccines,control,neutral,neutral,-0.013149912469089031,-0.12095817178487778,-0.06591909378767014,0.09184209257364273
249,vaccines,control,neutral,neutral,-0.05742655321955681,0.01648779958486557,-0.019086992368102074,0.4686529040336609
